country,date,R_and_D_expenditure
Arab World,2015,
Arab World,2014,
Arab World,2013,
Arab World,2012,
Arab World,2011,0.563807334561054
Arab World,2010,
Arab World,2009,
Arab World,2008,
Arab World,2007,
Arab World,2006,
Arab World,2005,
Caribbean small states,2015,
Caribbean small states,2014,
Caribbean small states,2013,
Caribbean small states,2012,
Caribbean small states,2011,
Caribbean small states,2010,
Caribbean small states,2009,
Caribbean small states,2008,
Caribbean small states,2007,
Caribbean small states,2006,
Caribbean small states,2005,
Central Europe and the Baltics,2015,1.15188363085124
Central Europe and the Baltics,2014,1.0919016229975
Central Europe and the Baltics,2013,1.06217578608477
Central Europe and the Baltics,2012,1.05876592909296
Central Europe and the Baltics,2011,0.959042709369569
Central Europe and the Baltics,2010,0.875461285086917
Central Europe and the Baltics,2009,0.831307124399554
Central Europe and the Baltics,2008,0.784705183502927
Central Europe and the Baltics,2007,0.758409839829496
Central Europe and the Baltics,2006,0.752368728099881
Central Europe and the Baltics,2005,0.736397925924126
Early-demographic dividend,2015,
Early-demographic dividend,2014,
Early-demographic dividend,2013,
Early-demographic dividend,2012,
Early-demographic dividend,2011,0.787429494272206
Early-demographic dividend,2010,0.789868359717052
Early-demographic dividend,2009,0.659318133907329
Early-demographic dividend,2008,0.732549379657201
Early-demographic dividend,2007,0.694510794777239
Early-demographic dividend,2006,0.658991090913417
Early-demographic dividend,2005,0.638631112978032
East Asia & Pacific,2015,2.45554214309581
East Asia & Pacific,2014,2.49127262536863
East Asia & Pacific,2013,2.29636118453694
East Asia & Pacific,2012,2.49957977463276
East Asia & Pacific,2011,2.35253637825274
East Asia & Pacific,2010,2.41586381752005
East Asia & Pacific,2009,2.26555915725324
East Asia & Pacific,2008,2.37213719577401
East Asia & Pacific,2007,2.37747053473299
East Asia & Pacific,2006,2.42606935649228
East Asia & Pacific,2005,2.43165580405668
East Asia & Pacific (excluding high income),2015,1.99244239676061
East Asia & Pacific (excluding high income),2014,1.94049585351778
East Asia & Pacific (excluding high income),2013,1.71080592235574
East Asia & Pacific (excluding high income),2012,1.87599771783759
East Asia & Pacific (excluding high income),2011,1.61981587121813
East Asia & Pacific (excluding high income),2010,1.68142289140757
East Asia & Pacific (excluding high income),2009,1.40033843875835
East Asia & Pacific (excluding high income),2008,1.34139953944344
East Asia & Pacific (excluding high income),2007,1.2476147219969
East Asia & Pacific (excluding high income),2006,1.25018775517826
East Asia & Pacific (excluding high income),2005,1.18118739138142
East Asia & Pacific (IDA & IBRD countries),2015,1.99244239676061
East Asia & Pacific (IDA & IBRD countries),2014,1.94049585351778
East Asia & Pacific (IDA & IBRD countries),2013,1.71080592235574
East Asia & Pacific (IDA & IBRD countries),2012,1.87599771783759
East Asia & Pacific (IDA & IBRD countries),2011,1.61981587121813
East Asia & Pacific (IDA & IBRD countries),2010,1.68142289140757
East Asia & Pacific (IDA & IBRD countries),2009,1.40033843875835
East Asia & Pacific (IDA & IBRD countries),2008,1.34139953944344
East Asia & Pacific (IDA & IBRD countries),2007,1.2476147219969
East Asia & Pacific (IDA & IBRD countries),2006,1.25018775517826
East Asia & Pacific (IDA & IBRD countries),2005,1.18118739138142
Euro area,2015,2.14298338954781
Euro area,2014,2.14343525546991
Euro area,2013,2.10489423726309
Euro area,2012,2.10128178520832
Euro area,2011,2.04240451950558
Euro area,2010,1.99439156359152
Euro area,2009,1.98630485388485
Euro area,2008,1.8888359949099
Euro area,2007,1.8061680533686
Euro area,2006,1.8003774816545
Euro area,2005,1.77758692963162
Europe & Central Asia,2015,1.92591635188865
Europe & Central Asia,2014,1.85736332323488
Europe & Central Asia,2013,1.8164108439843
Europe & Central Asia,2012,1.84310903306545
Europe & Central Asia,2011,1.79221139630164
Europe & Central Asia,2010,1.78386375560018
Europe & Central Asia,2009,1.81790221838917
Europe & Central Asia,2008,1.72737616453323
Europe & Central Asia,2007,1.66244695106639
Europe & Central Asia,2006,1.66020573531278
Europe & Central Asia,2005,1.65251433021725
Europe & Central Asia (excluding high income),2015,0.869552333091977
Europe & Central Asia (excluding high income),2014,0.898612341386653
Europe & Central Asia (excluding high income),2013,0.880345929335533
Europe & Central Asia (excluding high income),2012,0.884379389473776
Europe & Central Asia (excluding high income),2011,0.852597126795295
Europe & Central Asia (excluding high income),2010,0.896906959046566
Europe & Central Asia (excluding high income),2009,0.945235026865273
Europe & Central Asia (excluding high income),2008,0.833086579356084
Europe & Central Asia (excluding high income),2007,0.864880513381195
Europe & Central Asia (excluding high income),2006,0.802585881429341
Europe & Central Asia (excluding high income),2005,0.793231498547884
Europe & Central Asia (IDA & IBRD countries),2015,0.89303606403811
Europe & Central Asia (IDA & IBRD countries),2014,0.902201856577906
Europe & Central Asia (IDA & IBRD countries),2013,0.878314345672013
Europe & Central Asia (IDA & IBRD countries),2012,0.882308989814259
Europe & Central Asia (IDA & IBRD countries),2011,0.837949940786254
Europe & Central Asia (IDA & IBRD countries),2010,0.870319208444965
Europe & Central Asia (IDA & IBRD countries),2009,0.902284964155495
Europe & Central Asia (IDA & IBRD countries),2008,0.801483048538143
Europe & Central Asia (IDA & IBRD countries),2007,0.821854117315034
Europe & Central Asia (IDA & IBRD countries),2006,0.765546679093111
Europe & Central Asia (IDA & IBRD countries),2005,0.759641856268682
European Union,2015,2.04738698905802
European Union,2014,2.04492412394967
European Union,2013,2.0225384175301
European Union,2012,2.00915625223606
European Union,2011,1.97036468795917
European Union,2010,1.92770454813183
European Union,2009,1.93090111853898
European Union,2008,1.8372303860137
European Union,2007,1.76719178418447
European Union,2006,1.76380302717833
European Union,2005,1.74271305577255
Fragile and conflict affected situations,2015,
Fragile and conflict affected situations,2014,
Fragile and conflict affected situations,2013,
Fragile and conflict affected situations,2012,
Fragile and conflict affected situations,2011,
Fragile and conflict affected situations,2010,
Fragile and conflict affected situations,2009,
Fragile and conflict affected situations,2008,
Fragile and conflict affected situations,2007,
Fragile and conflict affected situations,2006,
Fragile and conflict affected situations,2005,
Heavily indebted poor countries (HIPC),2015,
Heavily indebted poor countries (HIPC),2014,
Heavily indebted poor countries (HIPC),2013,
Heavily indebted poor countries (HIPC),2012,
Heavily indebted poor countries (HIPC),2011,
Heavily indebted poor countries (HIPC),2010,
Heavily indebted poor countries (HIPC),2009,
Heavily indebted poor countries (HIPC),2008,
Heavily indebted poor countries (HIPC),2007,
Heavily indebted poor countries (HIPC),2006,
Heavily indebted poor countries (HIPC),2005,
High income,2015,2.55966586728763
High income,2014,2.46639723512234
High income,2013,2.40309752731253
High income,2012,2.40707539608577
High income,2011,2.38461023954015
High income,2010,2.37315557187284
High income,2009,2.39828472421847
High income,2008,2.32945193640249
High income,2007,2.24818819172029
High income,2006,2.24356364154837
High income,2005,2.22053384058786
IBRD only,2015,1.49247057986755
IBRD only,2014,1.39654536643448
IBRD only,2013,1.27268536981339
IBRD only,2012,1.26098418779878
IBRD only,2011,1.12879045289215
IBRD only,2010,1.11067073925674
IBRD only,2009,1.04162447779451
IBRD only,2008,0.954278791034957
IBRD only,2007,0.909570547542458
IBRD only,2006,0.873903371161759
IBRD only,2005,0.846552807985967
IDA & IBRD total,2015,1.46518317529294
IDA & IBRD total,2014,1.38946294055355
IDA & IBRD total,2013,1.25493535231018
IDA & IBRD total,2012,1.25574292698379
IDA & IBRD total,2011,1.11614312816582
IDA & IBRD total,2010,1.09928890469873
IDA & IBRD total,2009,1.02857634900471
IDA & IBRD total,2008,0.946410998201578
IDA & IBRD total,2007,0.887370272066423
IDA & IBRD total,2006,0.869473223549745
IDA & IBRD total,2005,0.833418405485914
IDA blend,2015,
IDA blend,2014,
IDA blend,2013,
IDA blend,2012,
IDA blend,2011,
IDA blend,2010,
IDA blend,2009,
IDA blend,2008,
IDA blend,2007,0.399518873006702
IDA blend,2006,
IDA blend,2005,
IDA only,2015,
IDA only,2014,
IDA only,2013,
IDA only,2012,
IDA only,2011,
IDA only,2010,
IDA only,2009,
IDA only,2008,
IDA only,2007,
IDA only,2006,
IDA only,2005,
IDA total,2015,
IDA total,2014,
IDA total,2013,
IDA total,2012,
IDA total,2011,
IDA total,2010,
IDA total,2009,
IDA total,2008,
IDA total,2007,
IDA total,2006,
IDA total,2005,
Late-demographic dividend,2015,1.71759881981689
Late-demographic dividend,2014,1.54139757151286
Late-demographic dividend,2013,1.48032003957738
Late-demographic dividend,2012,1.4329130815322
Late-demographic dividend,2011,1.29584082784343
Late-demographic dividend,2010,1.31754409423261
Late-demographic dividend,2009,1.27421769847269
Late-demographic dividend,2008,1.09624948077779
Late-demographic dividend,2007,1.06182239547893
Late-demographic dividend,2006,1.03011447820941
Late-demographic dividend,2005,1.02433314086611
Latin America & Caribbean,2015,
Latin America & Caribbean,2014,0.766638443882621
Latin America & Caribbean,2013,0.769982265148045
Latin America & Caribbean,2012,0.734765863004344
Latin America & Caribbean,2011,0.757844526802235
Latin America & Caribbean,2010,0.796208602021755
Latin America & Caribbean,2009,0.74981056786745
Latin America & Caribbean,2008,0.718134984623927
Latin America & Caribbean,2007,0.66625526292616
Latin America & Caribbean,2006,0.610745076813115
Latin America & Caribbean,2005,0.621974821058791
Latin America & Caribbean (excluding high income),2015,
Latin America & Caribbean (excluding high income),2014,0.817964420244227
Latin America & Caribbean (excluding high income),2013,0.835286786376351
Latin America & Caribbean (excluding high income),2012,0.782737115686179
Latin America & Caribbean (excluding high income),2011,0.814690385004231
Latin America & Caribbean (excluding high income),2010,0.863645252055445
Latin America & Caribbean (excluding high income),2009,0.813315883061465
Latin America & Caribbean (excluding high income),2008,0.777230407029415
Latin America & Caribbean (excluding high income),2007,0.719217650255021
Latin America & Caribbean (excluding high income),2006,0.635279288719305
Latin America & Caribbean (excluding high income),2005,0.649479910672259
Latin America & the Caribbean (IDA & IBRD countries),2015,
Latin America & the Caribbean (IDA & IBRD countries),2014,0.771839067890073
Latin America & the Caribbean (IDA & IBRD countries),2013,0.780404510773149
Latin America & the Caribbean (IDA & IBRD countries),2012,0.73920277396929
Latin America & the Caribbean (IDA & IBRD countries),2011,0.764031218835397
Latin America & the Caribbean (IDA & IBRD countries),2010,0.798931404008956
Latin America & the Caribbean (IDA & IBRD countries),2009,0.760274980071419
Latin America & the Caribbean (IDA & IBRD countries),2008,0.721577345996362
Latin America & the Caribbean (IDA & IBRD countries),2007,0.670324925166038
Latin America & the Caribbean (IDA & IBRD countries),2006,0.614136346475479
Latin America & the Caribbean (IDA & IBRD countries),2005,0.623396628827867
Least developed countries: UN classification,2015,
Least developed countries: UN classification,2014,
Least developed countries: UN classification,2013,
Least developed countries: UN classification,2012,
Least developed countries: UN classification,2011,
Least developed countries: UN classification,2010,
Least developed countries: UN classification,2009,
Least developed countries: UN classification,2008,
Least developed countries: UN classification,2007,
Least developed countries: UN classification,2006,
Least developed countries: UN classification,2005,
Low & middle income,2015,1.48785677639365
Low & middle income,2014,1.43746832674384
Low & middle income,2013,1.29655807124898
Low & middle income,2012,1.30141345886425
Low & middle income,2011,1.1534153054129
Low & middle income,2010,1.13834782058272
Low & middle income,2009,1.06085823330358
Low & middle income,2008,0.981541090734793
Low & middle income,2007,0.920089978992328
Low & middle income,2006,0.893897651803807
Low & middle income,2005,0.85525719781055
Low income,2015,
Low income,2014,
Low income,2013,
Low income,2012,
Low income,2011,
Low income,2010,
Low income,2009,
Low income,2008,
Low income,2007,
Low income,2006,
Low income,2005,
Lower middle income,2015,
Lower middle income,2014,
Lower middle income,2013,
Lower middle income,2012,
Lower middle income,2011,
Lower middle income,2010,
Lower middle income,2009,0.563812680141428
Lower middle income,2008,
Lower middle income,2007,0.638435862656318
Lower middle income,2006,
Lower middle income,2005,
Middle East & North Africa,2015,
Middle East & North Africa,2014,
Middle East & North Africa,2013,
Middle East & North Africa,2012,0.938293164433089
Middle East & North Africa,2011,
Middle East & North Africa,2010,0.927103484855956
Middle East & North Africa,2009,
Middle East & North Africa,2008,
Middle East & North Africa,2007,
Middle East & North Africa,2006,
Middle East & North Africa,2005,
Middle East & North Africa (excluding high income),2015,
Middle East & North Africa (excluding high income),2014,
Middle East & North Africa (excluding high income),2013,
Middle East & North Africa (excluding high income),2012,
Middle East & North Africa (excluding high income),2011,
Middle East & North Africa (excluding high income),2010,0.338497542107318
Middle East & North Africa (excluding high income),2009,0.31138878512127
Middle East & North Africa (excluding high income),2008,
Middle East & North Africa (excluding high income),2007,
Middle East & North Africa (excluding high income),2006,
Middle East & North Africa (excluding high income),2005,
Middle East & North Africa (IDA & IBRD countries),2015,
Middle East & North Africa (IDA & IBRD countries),2014,
Middle East & North Africa (IDA & IBRD countries),2013,
Middle East & North Africa (IDA & IBRD countries),2012,
Middle East & North Africa (IDA & IBRD countries),2011,
Middle East & North Africa (IDA & IBRD countries),2010,0.3379866523883
Middle East & North Africa (IDA & IBRD countries),2009,0.310572373046729
Middle East & North Africa (IDA & IBRD countries),2008,
Middle East & North Africa (IDA & IBRD countries),2007,
Middle East & North Africa (IDA & IBRD countries),2006,
Middle East & North Africa (IDA & IBRD countries),2005,
Middle income,2015,1.4893481323434
Middle income,2014,1.43906462103399
Middle income,2013,1.30018448984246
Middle income,2012,1.3021189105044
Middle income,2011,1.15444379953814
Middle income,2010,1.14557777414699
Middle income,2009,1.06527873181561
Middle income,2008,0.987121734612781
Middle income,2007,0.925942434351305
Middle income,2006,0.896901787707349
Middle income,2005,0.859379197780714
North America,2015,2.79385
North America,2014,2.64829923301171
North America,2013,2.63522123212153
North America,2012,2.60589666295773
North America,2011,2.6713920136885
North America,2010,2.64616443012269
North America,2009,2.7428949609907
North America,2008,2.68305859763491
North America,2007,2.55675025463053
North America,2006,2.49074679647038
North America,2005,2.46122812587106
Not classified,2015,
Not classified,2014,
Not classified,2013,
Not classified,2012,
Not classified,2011,
Not classified,2010,
Not classified,2009,
Not classified,2008,
Not classified,2007,
Not classified,2006,
Not classified,2005,
OECD members,2015,2.54649423119779
OECD members,2014,2.44792750684672
OECD members,2013,2.4085732939159
OECD members,2012,2.41821225013108
OECD members,2011,2.39793079874738
OECD members,2010,2.36372305763355
OECD members,2009,2.40147454040077
OECD members,2008,2.32079781162085
OECD members,2007,2.23298355321612
OECD members,2006,2.22520258331928
OECD members,2005,2.2015401345503
Other small states,2015,
Other small states,2014,
Other small states,2013,
Other small states,2012,
Other small states,2011,
Other small states,2010,
Other small states,2009,
Other small states,2008,
Other small states,2007,
Other small states,2006,
Other small states,2005,
Pacific island small states,2015,
Pacific island small states,2014,
Pacific island small states,2013,
Pacific island small states,2012,
Pacific island small states,2011,
Pacific island small states,2010,
Pacific island small states,2009,
Pacific island small states,2008,
Pacific island small states,2007,
Pacific island small states,2006,
Pacific island small states,2005,
Post-demographic dividend,2015,2.59441137457361
Post-demographic dividend,2014,2.52970239791687
Post-demographic dividend,2013,2.48801897178503
Post-demographic dividend,2012,2.4965841801226
Post-demographic dividend,2011,2.47777163151515
Post-demographic dividend,2010,2.44099878472965
Post-demographic dividend,2009,2.47299954509504
Post-demographic dividend,2008,2.40345982767902
Post-demographic dividend,2007,2.31305934818722
Post-demographic dividend,2006,2.29597866858047
Post-demographic dividend,2005,2.26893946502525
Pre-demographic dividend,2015,
Pre-demographic dividend,2014,
Pre-demographic dividend,2013,
Pre-demographic dividend,2012,
Pre-demographic dividend,2011,
Pre-demographic dividend,2010,
Pre-demographic dividend,2009,
Pre-demographic dividend,2008,
Pre-demographic dividend,2007,
Pre-demographic dividend,2006,
Pre-demographic dividend,2005,
Small states,2015,
Small states,2014,
Small states,2013,
Small states,2012,
Small states,2011,
Small states,2010,
Small states,2009,
Small states,2008,
Small states,2007,
Small states,2006,
Small states,2005,
South Asia,2015,0.583861494764976
South Asia,2014,
South Asia,2013,
South Asia,2012,
South Asia,2011,0.778238233777057
South Asia,2010,0.794628659136447
South Asia,2009,0.795301614450061
South Asia,2008,0.834342374852772
South Asia,2007,0.794300954452481
South Asia,2006,0.779505653119895
South Asia,2005,0.76655184770886
South Asia (IDA & IBRD),2015,0.583861494764976
South Asia (IDA & IBRD),2014,
South Asia (IDA & IBRD),2013,
South Asia (IDA & IBRD),2012,
South Asia (IDA & IBRD),2011,0.778238233777057
South Asia (IDA & IBRD),2010,0.794628659136447
South Asia (IDA & IBRD),2009,0.795301614450061
South Asia (IDA & IBRD),2008,0.834342374852772
South Asia (IDA & IBRD),2007,0.794300954452481
South Asia (IDA & IBRD),2006,0.779505653119895
South Asia (IDA & IBRD),2005,0.76655184770886
Sub-Saharan Africa,2015,
Sub-Saharan Africa,2014,
Sub-Saharan Africa,2013,
Sub-Saharan Africa,2012,
Sub-Saharan Africa,2011,
Sub-Saharan Africa,2010,
Sub-Saharan Africa,2009,
Sub-Saharan Africa,2008,
Sub-Saharan Africa,2007,0.547879682309785
Sub-Saharan Africa,2006,
Sub-Saharan Africa,2005,
Sub-Saharan Africa (excluding high income),2015,
Sub-Saharan Africa (excluding high income),2014,
Sub-Saharan Africa (excluding high income),2013,
Sub-Saharan Africa (excluding high income),2012,
Sub-Saharan Africa (excluding high income),2011,
Sub-Saharan Africa (excluding high income),2010,
Sub-Saharan Africa (excluding high income),2009,
Sub-Saharan Africa (excluding high income),2008,
Sub-Saharan Africa (excluding high income),2007,0.547879682309785
Sub-Saharan Africa (excluding high income),2006,
Sub-Saharan Africa (excluding high income),2005,
Sub-Saharan Africa (IDA & IBRD countries),2015,
Sub-Saharan Africa (IDA & IBRD countries),2014,
Sub-Saharan Africa (IDA & IBRD countries),2013,
Sub-Saharan Africa (IDA & IBRD countries),2012,
Sub-Saharan Africa (IDA & IBRD countries),2011,
Sub-Saharan Africa (IDA & IBRD countries),2010,
Sub-Saharan Africa (IDA & IBRD countries),2009,
Sub-Saharan Africa (IDA & IBRD countries),2008,
Sub-Saharan Africa (IDA & IBRD countries),2007,0.547879682309785
Sub-Saharan Africa (IDA & IBRD countries),2006,
Sub-Saharan Africa (IDA & IBRD countries),2005,
Upper middle income,2015,1.66357543622455
Upper middle income,2014,1.46753964567031
Upper middle income,2013,1.42621802255667
Upper middle income,2012,1.32794077232839
Upper middle income,2011,1.24117198688308
Upper middle income,2010,1.21509739276933
Upper middle income,2009,1.17754756311182
Upper middle income,2008,1.01995824373663
Upper middle income,2007,0.989289990668562
Upper middle income,2006,0.924416355852442
Upper middle income,2005,0.896747391210759
World,2015,2.22742602049538
World,2014,2.15311243962624
World,2013,2.06270737155158
World,2012,2.08978165686534
World,2011,2.02285818314907
World,2010,2.0357550463225
World,2009,2.04966527944003
World,2008,2.00929166190773
World,2007,1.95531087561457
World,2006,1.97995094885993
World,2005,1.97205265492871
Afghanistan,2015,
Afghanistan,2014,
Afghanistan,2013,
Afghanistan,2012,
Afghanistan,2011,
Afghanistan,2010,
Afghanistan,2009,
Afghanistan,2008,
Afghanistan,2007,
Afghanistan,2006,
Afghanistan,2005,
Albania,2015,
Albania,2014,
Albania,2013,
Albania,2012,
Albania,2011,
Albania,2010,
Albania,2009,
Albania,2008,0.15421
Albania,2007,0.08735
Albania,2006,
Albania,2005,
Algeria,2015,
Algeria,2014,
Algeria,2013,
Algeria,2012,
Algeria,2011,
Algeria,2010,
Algeria,2009,
Algeria,2008,
Algeria,2007,
Algeria,2006,
Algeria,2005,0.06606
American Samoa,2015,
American Samoa,2014,
American Samoa,2013,
American Samoa,2012,
American Samoa,2011,
American Samoa,2010,
American Samoa,2009,
American Samoa,2008,
American Samoa,2007,
American Samoa,2006,
American Samoa,2005,
Andorra,2015,
Andorra,2014,
Andorra,2013,
Andorra,2012,
Andorra,2011,
Andorra,2010,
Andorra,2009,
Andorra,2008,
Andorra,2007,
Andorra,2006,
Andorra,2005,
Angola,2015,
Angola,2014,
Angola,2013,
Angola,2012,
Angola,2011,
Angola,2010,
Angola,2009,
Angola,2008,
Angola,2007,
Angola,2006,
Angola,2005,
Antigua and Barbuda,2015,
Antigua and Barbuda,2014,
Antigua and Barbuda,2013,
Antigua and Barbuda,2012,
Antigua and Barbuda,2011,
Antigua and Barbuda,2010,
Antigua and Barbuda,2009,
Antigua and Barbuda,2008,
Antigua and Barbuda,2007,
Antigua and Barbuda,2006,
Antigua and Barbuda,2005,
Argentina,2015,
Argentina,2014,0.58852
Argentina,2013,0.62017
Argentina,2012,0.63596
Argentina,2011,0.56648
Argentina,2010,0.56126
Argentina,2009,0.58608
Argentina,2008,0.47041
Argentina,2007,0.45801
Argentina,2006,0.45021
Argentina,2005,0.41897
Armenia,2015,0.25069
Armenia,2014,0.24144
Armenia,2013,0.22195
Armenia,2012,0.23833
Armenia,2011,0.27
Armenia,2010,0.2414
Armenia,2009,0.29109
Armenia,2008,0.22427
Armenia,2007,0.21102
Armenia,2006,0.24023
Armenia,2005,0.25794
Aruba,2015,
Aruba,2014,
Aruba,2013,
Aruba,2012,
Aruba,2011,
Aruba,2010,
Aruba,2009,
Aruba,2008,
Aruba,2007,
Aruba,2006,
Aruba,2005,
Australia,2015,
Australia,2014,
Australia,2013,2.20207
Australia,2012,
Australia,2011,2.24574
Australia,2010,2.37808
Australia,2009,
Australia,2008,2.39823
Australia,2007,
Australia,2006,2.18208
Australia,2005,
Austria,2015,3.07181
Austria,2014,3.06054
Austria,2013,2.96325
Austria,2012,2.92992
Austria,2011,2.67843
Austria,2010,2.73439
Austria,2009,2.6153
Austria,2008,2.58495
Austria,2007,2.4354
Austria,2006,2.37541
Austria,2005,2.38332
Azerbaijan,2015,0.22244
Azerbaijan,2014,0.20991
Azerbaijan,2013,0.21141
Azerbaijan,2012,0.21724
Azerbaijan,2011,0.21084
Azerbaijan,2010,0.21848
Azerbaijan,2009,0.24976
Azerbaijan,2008,0.16554
Azerbaijan,2007,0.17006
Azerbaijan,2006,0.17165
Azerbaijan,2005,0.21994
"Bahamas, The",2015,
"Bahamas, The",2014,
"Bahamas, The",2013,
"Bahamas, The",2012,
"Bahamas, The",2011,
"Bahamas, The",2010,
"Bahamas, The",2009,
"Bahamas, The",2008,
"Bahamas, The",2007,
"Bahamas, The",2006,
"Bahamas, The",2005,
Bahrain,2015,
Bahrain,2014,0.10116
Bahrain,2013,
Bahrain,2012,
Bahrain,2011,
Bahrain,2010,
Bahrain,2009,
Bahrain,2008,
Bahrain,2007,
Bahrain,2006,
Bahrain,2005,
Bangladesh,2015,
Bangladesh,2014,
Bangladesh,2013,
Bangladesh,2012,
Bangladesh,2011,
Bangladesh,2010,
Bangladesh,2009,
Bangladesh,2008,
Bangladesh,2007,
Bangladesh,2006,
Bangladesh,2005,
Barbados,2015,
Barbados,2014,
Barbados,2013,
Barbados,2012,
Barbados,2011,
Barbados,2010,
Barbados,2009,
Barbados,2008,
Barbados,2007,
Barbados,2006,
Barbados,2005,
Belarus,2015,0.51672
Belarus,2014,0.52354
Belarus,2013,0.6737
Belarus,2012,0.6675
Belarus,2011,0.70097
Belarus,2010,0.69551
Belarus,2009,0.64477
Belarus,2008,0.74028
Belarus,2007,0.96169
Belarus,2006,0.66038
Belarus,2005,0.67817
Belgium,2015,2.45668
Belgium,2014,2.46249
Belgium,2013,2.43512
Belgium,2012,2.35915
Belgium,2011,2.15594
Belgium,2010,2.05137
Belgium,2009,1.98413
Belgium,2008,1.92449
Belgium,2007,1.84259
Belgium,2006,1.81239
Belgium,2005,1.78507
Belize,2015,
Belize,2014,
Belize,2013,
Belize,2012,
Belize,2011,
Belize,2010,
Belize,2009,
Belize,2008,
Belize,2007,
Belize,2006,
Belize,2005,
Benin,2015,
Benin,2014,
Benin,2013,
Benin,2012,
Benin,2011,
Benin,2010,
Benin,2009,
Benin,2008,
Benin,2007,
Benin,2006,
Benin,2005,
Bermuda,2015,0.22178
Bermuda,2014,0.21659
Bermuda,2013,0.22771
Bermuda,2012,0.269
Bermuda,2011,0.2979
Bermuda,2010,0.20846
Bermuda,2009,0.20903
Bermuda,2008,0.19247
Bermuda,2007,0.18397
Bermuda,2006,
Bermuda,2005,
Bhutan,2015,
Bhutan,2014,
Bhutan,2013,
Bhutan,2012,
Bhutan,2011,
Bhutan,2010,
Bhutan,2009,
Bhutan,2008,
Bhutan,2007,
Bhutan,2006,
Bhutan,2005,
Bolivia,2015,
Bolivia,2014,
Bolivia,2013,
Bolivia,2012,
Bolivia,2011,
Bolivia,2010,
Bolivia,2009,0.15665
Bolivia,2008,
Bolivia,2007,
Bolivia,2006,
Bolivia,2005,
Bosnia and Herzegovina,2015,0.21897
Bosnia and Herzegovina,2014,0.25777
Bosnia and Herzegovina,2013,0.32175
Bosnia and Herzegovina,2012,0.26563
Bosnia and Herzegovina,2011,
Bosnia and Herzegovina,2010,
Bosnia and Herzegovina,2009,0.02107
Bosnia and Herzegovina,2008,0.01843
Bosnia and Herzegovina,2007,0.02522
Bosnia and Herzegovina,2006,0.01969
Bosnia and Herzegovina,2005,0.02696
Botswana,2015,
Botswana,2014,
Botswana,2013,0.5423
Botswana,2012,0.25388
Botswana,2011,
Botswana,2010,
Botswana,2009,
Botswana,2008,
Botswana,2007,
Botswana,2006,
Botswana,2005,0.53286
Brazil,2015,
Brazil,2014,1.16755
Brazil,2013,1.19828
Brazil,2012,1.12795
Brazil,2011,1.14132
Brazil,2010,1.15869
Brazil,2009,1.11968
Brazil,2008,1.12896
Brazil,2007,1.08149
Brazil,2006,0.98784
Brazil,2005,1.00273
British Virgin Islands,2015,
British Virgin Islands,2014,
British Virgin Islands,2013,
British Virgin Islands,2012,
British Virgin Islands,2011,
British Virgin Islands,2010,
British Virgin Islands,2009,
British Virgin Islands,2008,
British Virgin Islands,2007,
British Virgin Islands,2006,
British Virgin Islands,2005,
Brunei Darussalam,2015,
Brunei Darussalam,2014,
Brunei Darussalam,2013,
Brunei Darussalam,2012,
Brunei Darussalam,2011,
Brunei Darussalam,2010,
Brunei Darussalam,2009,
Brunei Darussalam,2008,
Brunei Darussalam,2007,
Brunei Darussalam,2006,
Brunei Darussalam,2005,
Bulgaria,2015,0.95657
Bulgaria,2014,0.79492
Bulgaria,2013,0.63491
Bulgaria,2012,0.60479
Bulgaria,2011,0.53191
Bulgaria,2010,0.56387
Bulgaria,2009,0.49566
Bulgaria,2008,0.4458
Bulgaria,2007,0.42683
Bulgaria,2006,0.44313
Bulgaria,2005,0.4434
Burkina Faso,2015,
Burkina Faso,2014,
Burkina Faso,2013,
Burkina Faso,2012,
Burkina Faso,2011,
Burkina Faso,2010,
Burkina Faso,2009,0.20015
Burkina Faso,2008,0.18674
Burkina Faso,2007,0.1108
Burkina Faso,2006,
Burkina Faso,2005,0.17066
Burundi,2015,
Burundi,2014,
Burundi,2013,
Burundi,2012,
Burundi,2011,0.12128
Burundi,2010,0.1378
Burundi,2009,0.14436
Burundi,2008,0.15426
Burundi,2007,0.2003
Burundi,2006,
Burundi,2005,
Cabo Verde,2015,
Cabo Verde,2014,
Cabo Verde,2013,
Cabo Verde,2012,
Cabo Verde,2011,0.07261
Cabo Verde,2010,
Cabo Verde,2009,
Cabo Verde,2008,
Cabo Verde,2007,
Cabo Verde,2006,
Cabo Verde,2005,
Cambodia,2015,0.11827
Cambodia,2014,
Cambodia,2013,
Cambodia,2012,
Cambodia,2011,
Cambodia,2010,
Cambodia,2009,
Cambodia,2008,
Cambodia,2007,
Cambodia,2006,
Cambodia,2005,
Cameroon,2015,
Cameroon,2014,
Cameroon,2013,
Cameroon,2012,
Cameroon,2011,
Cameroon,2010,
Cameroon,2009,
Cameroon,2008,
Cameroon,2007,
Cameroon,2006,
Cameroon,2005,
Canada,2015,
Canada,2014,1.61548
Canada,2013,1.69164
Canada,2012,1.79709
Canada,2011,1.79853
Canada,2010,1.84066
Canada,2009,1.91904
Canada,2008,1.8637
Canada,2007,1.91287
Canada,2006,1.95161
Canada,2005,1.97345
Cayman Islands,2015,
Cayman Islands,2014,
Cayman Islands,2013,
Cayman Islands,2012,
Cayman Islands,2011,
Cayman Islands,2010,
Cayman Islands,2009,
Cayman Islands,2008,
Cayman Islands,2007,
Cayman Islands,2006,
Cayman Islands,2005,
Central African Republic,2015,
Central African Republic,2014,
Central African Republic,2013,
Central African Republic,2012,
Central African Republic,2011,
Central African Republic,2010,
Central African Republic,2009,
Central African Republic,2008,
Central African Republic,2007,
Central African Republic,2006,
Central African Republic,2005,
Chad,2015,
Chad,2014,
Chad,2013,
Chad,2012,
Chad,2011,
Chad,2010,
Chad,2009,
Chad,2008,
Chad,2007,
Chad,2006,
Chad,2005,
Channel Islands,2015,
Channel Islands,2014,
Channel Islands,2013,
Channel Islands,2012,
Channel Islands,2011,
Channel Islands,2010,
Channel Islands,2009,
Channel Islands,2008,
Channel Islands,2007,
Channel Islands,2006,
Channel Islands,2005,
Chile,2015,0.38444
Chile,2014,0.37655
Chile,2013,0.39119
Chile,2012,0.36486
Chile,2011,0.35436
Chile,2010,0.33098
Chile,2009,0.35307
Chile,2008,0.37518
Chile,2007,0.3106
Chile,2006,
Chile,2005,
China,2015,2.06558
China,2014,2.02106
China,2013,1.99102
China,2012,1.90711
China,2011,1.77648
China,2010,1.71007
China,2009,1.66249
China,2008,1.44251
China,2007,1.37416
China,2006,1.37128
China,2005,1.31015
Colombia,2015,0.24177
Colombia,2014,0.25053
Colombia,2013,0.27318
Colombia,2012,0.21867
Colombia,2011,0.20294
Colombia,2010,0.18933
Colombia,2009,0.18956
Colombia,2008,0.19289
Colombia,2007,0.17704
Colombia,2006,0.14857
Colombia,2005,0.14995
Comoros,2014,
Comoros,2013,
Comoros,2012,
Comoros,2011,
Comoros,2010,
Comoros,2009,
Comoros,2008,
Comoros,2007,
Comoros,2006,
Comoros,2005,
Comoros,2015,
"Congo, Dem. Rep.",2015,
"Congo, Dem. Rep.",2014,
"Congo, Dem. Rep.",2013,
"Congo, Dem. Rep.",2012,
"Congo, Dem. Rep.",2011,
"Congo, Dem. Rep.",2010,
"Congo, Dem. Rep.",2009,0.07981
"Congo, Dem. Rep.",2008,0.08536
"Congo, Dem. Rep.",2007,0.13913
"Congo, Dem. Rep.",2006,0.06114
"Congo, Dem. Rep.",2005,0.05799
"Congo, Rep.",2015,
"Congo, Rep.",2014,
"Congo, Rep.",2013,
"Congo, Rep.",2012,
"Congo, Rep.",2011,
"Congo, Rep.",2010,
"Congo, Rep.",2009,
"Congo, Rep.",2008,
"Congo, Rep.",2007,
"Congo, Rep.",2006,
"Congo, Rep.",2005,
Costa Rica,2015,
Costa Rica,2014,0.5769
Costa Rica,2013,0.55704
Costa Rica,2012,0.55538
Costa Rica,2011,0.46718
Costa Rica,2010,0.48485
Costa Rica,2009,0.52091
Costa Rica,2008,0.38855
Costa Rica,2007,0.35885
Costa Rica,2006,0.42742
Costa Rica,2005,
Cote d'Ivoire,2015,
Cote d'Ivoire,2014,
Cote d'Ivoire,2013,
Cote d'Ivoire,2012,
Cote d'Ivoire,2011,
Cote d'Ivoire,2010,
Cote d'Ivoire,2009,
Cote d'Ivoire,2008,
Cote d'Ivoire,2007,
Cote d'Ivoire,2006,
Cote d'Ivoire,2005,
Croatia,2015,0.85439
Croatia,2014,0.79104
Croatia,2013,0.81455
Croatia,2012,0.75217
Croatia,2011,0.75143
Croatia,2010,0.74479
Croatia,2009,0.84416
Croatia,2008,0.88333
Croatia,2007,0.79301
Croatia,2006,0.74119
Croatia,2005,0.85619
Cuba,2015,0.42854
Cuba,2014,0.41596
Cuba,2013,0.47466
Cuba,2012,0.40717
Cuba,2011,0.27192
Cuba,2010,0.60767
Cuba,2009,0.61487
Cuba,2008,0.50061
Cuba,2007,0.43615
Cuba,2006,0.44139
Cuba,2005,0.5492
Curacao,2015,
Curacao,2014,
Curacao,2013,
Curacao,2012,
Curacao,2011,
Curacao,2010,
Curacao,2009,
Curacao,2008,
Curacao,2007,
Curacao,2006,
Curacao,2005,
Cyprus,2015,0.45585
Cyprus,2014,0.47869
Cyprus,2013,0.46268
Cyprus,2012,0.42802
Cyprus,2011,0.45047
Cyprus,2010,0.44663
Cyprus,2009,0.44442
Cyprus,2008,0.38601
Cyprus,2007,0.39826
Cyprus,2006,0.37724
Cyprus,2005,0.36197
Czech Republic,2015,1.94865
Czech Republic,2014,1.97458
Czech Republic,2013,1.89886
Czech Republic,2012,1.78227
Czech Republic,2011,1.55716
Czech Republic,2010,1.3411
Czech Republic,2009,1.29782
Czech Republic,2008,1.2406
Czech Republic,2007,1.30572
Czech Republic,2006,1.23271
Czech Republic,2005,1.17011
Denmark,2015,3.01387
Denmark,2014,2.97589
Denmark,2013,3.01688
Denmark,2012,3.00504
Denmark,2011,2.97177
Denmark,2010,2.93477
Denmark,2009,3.07684
Denmark,2008,2.77572
Denmark,2007,2.51374
Denmark,2006,2.40624
Denmark,2005,2.38733
Djibouti,2015,
Djibouti,2014,
Djibouti,2013,
Djibouti,2012,
Djibouti,2011,
Djibouti,2010,
Djibouti,2009,
Djibouti,2008,
Djibouti,2007,
Djibouti,2006,
Djibouti,2005,
Dominica,2015,
Dominica,2014,
Dominica,2013,
Dominica,2012,
Dominica,2011,
Dominica,2010,
Dominica,2009,
Dominica,2008,
Dominica,2007,
Dominica,2006,
Dominica,2005,
Dominican Republic,2015,
Dominican Republic,2014,
Dominican Republic,2013,
Dominican Republic,2012,
Dominican Republic,2011,
Dominican Republic,2010,
Dominican Republic,2009,
Dominican Republic,2008,
Dominican Republic,2007,
Dominican Republic,2006,
Dominican Republic,2005,
Ecuador,2015,
Ecuador,2014,0.44148
Ecuador,2013,0.3799
Ecuador,2012,0.33236
Ecuador,2011,0.33991
Ecuador,2010,0.40297
Ecuador,2009,0.39463
Ecuador,2008,0.22779
Ecuador,2007,0.13194
Ecuador,2006,0.12863
Ecuador,2005,
"Egypt, Arab Rep.",2015,0.72269
"Egypt, Arab Rep.",2014,0.64558
"Egypt, Arab Rep.",2013,0.64603
"Egypt, Arab Rep.",2012,0.51349
"Egypt, Arab Rep.",2011,0.53197
"Egypt, Arab Rep.",2010,0.43223
"Egypt, Arab Rep.",2009,0.43404
"Egypt, Arab Rep.",2008,0.27009
"Egypt, Arab Rep.",2007,0.25503
"Egypt, Arab Rep.",2006,0.2589
"Egypt, Arab Rep.",2005,0.24119
El Salvador,2015,0.1302
El Salvador,2014,0.08456
El Salvador,2013,0.05768
El Salvador,2012,0.03051
El Salvador,2011,0.03112
El Salvador,2010,0.06723
El Salvador,2009,0.07744
El Salvador,2008,0.11245
El Salvador,2007,0.08935
El Salvador,2006,
El Salvador,2005,
Equatorial Guinea,2015,
Equatorial Guinea,2014,
Equatorial Guinea,2013,
Equatorial Guinea,2012,
Equatorial Guinea,2011,
Equatorial Guinea,2010,
Equatorial Guinea,2009,
Equatorial Guinea,2008,
Equatorial Guinea,2007,
Equatorial Guinea,2006,
Equatorial Guinea,2005,
Eritrea,2015,
Eritrea,2014,
Eritrea,2013,
Eritrea,2012,
Eritrea,2011,
Eritrea,2010,
Eritrea,2009,
Eritrea,2008,
Eritrea,2007,
Eritrea,2006,
Eritrea,2005,
Estonia,2015,1.49502
Estonia,2014,1.45122
Estonia,2013,1.72601
Estonia,2012,2.12265
Estonia,2011,2.30655
Estonia,2010,1.58162
Estonia,2009,1.39541
Estonia,2008,1.25952
Estonia,2007,1.06884
Estonia,2006,1.11666
Estonia,2005,0.92364
Eswatini,2015,
Eswatini,2014,
Eswatini,2013,
Eswatini,2012,
Eswatini,2011,
Eswatini,2010,
Eswatini,2009,
Eswatini,2008,
Eswatini,2007,
Eswatini,2006,
Eswatini,2005,
Ethiopia,2015,
Ethiopia,2014,
Ethiopia,2013,0.60468
Ethiopia,2012,
Ethiopia,2011,
Ethiopia,2010,0.24129
Ethiopia,2009,
Ethiopia,2008,
Ethiopia,2007,0.1712
Ethiopia,2006,
Ethiopia,2005,0.17965
Faroe Islands,2015,
Faroe Islands,2014,
Faroe Islands,2013,
Faroe Islands,2012,
Faroe Islands,2011,
Faroe Islands,2010,
Faroe Islands,2009,
Faroe Islands,2008,
Faroe Islands,2007,
Faroe Islands,2006,
Faroe Islands,2005,
Fiji,2015,
Fiji,2014,
Fiji,2013,
Fiji,2012,
Fiji,2011,
Fiji,2010,
Fiji,2009,
Fiji,2008,
Fiji,2007,
Fiji,2006,
Fiji,2005,
Finland,2015,2.90474
Finland,2014,3.17663
Finland,2013,3.29266
Finland,2012,3.41594
Finland,2011,3.63639
Finland,2010,3.72797
Finland,2009,3.74943
Finland,2008,3.5418
Finland,2007,3.33833
Finland,2006,3.33017
Finland,2005,3.33762
France,2015,2.23135
France,2014,2.23919
France,2013,2.23406
France,2012,2.22579
France,2011,2.18988
France,2010,2.17344
France,2009,2.20799
France,2008,2.05332
France,2007,2.01554
France,2006,2.04889
France,2005,2.04676
French Polynesia,2015,
French Polynesia,2014,
French Polynesia,2013,
French Polynesia,2012,
French Polynesia,2011,
French Polynesia,2010,
French Polynesia,2009,
French Polynesia,2008,
French Polynesia,2007,
French Polynesia,2006,
French Polynesia,2005,
Gabon,2015,
Gabon,2014,
Gabon,2013,
Gabon,2012,
Gabon,2011,
Gabon,2010,
Gabon,2009,0.57893
Gabon,2008,0.51125
Gabon,2007,0.41644
Gabon,2006,
Gabon,2005,
"Gambia, The",2015,
"Gambia, The",2014,
"Gambia, The",2013,
"Gambia, The",2012,
"Gambia, The",2011,0.13221
"Gambia, The",2010,
"Gambia, The",2009,0.01748
"Gambia, The",2008,0.02039
"Gambia, The",2007,
"Gambia, The",2006,
"Gambia, The",2005,
Georgia,2015,0.32046
Georgia,2014,0.1849
Georgia,2013,0.08367
Georgia,2012,
Georgia,2011,
Georgia,2010,
Georgia,2009,
Georgia,2008,
Georgia,2007,
Georgia,2006,
Georgia,2005,0.17658
Germany,2015,2.87749
Germany,2014,2.89227
Germany,2013,2.8173
Germany,2012,2.86632
Germany,2011,2.79885
Germany,2010,2.71373
Germany,2009,2.72675
Germany,2008,2.59889
Germany,2007,2.44948
Germany,2006,2.45938
Germany,2005,2.42344
Ghana,2015,
Ghana,2014,
Ghana,2013,
Ghana,2012,
Ghana,2011,
Ghana,2010,0.37655
Ghana,2009,
Ghana,2008,
Ghana,2007,0.23157
Ghana,2006,
Ghana,2005,
Gibraltar,2015,
Gibraltar,2014,
Gibraltar,2013,
Gibraltar,2012,
Gibraltar,2011,
Gibraltar,2010,
Gibraltar,2009,
Gibraltar,2008,
Gibraltar,2007,
Gibraltar,2006,
Gibraltar,2005,
Greece,2015,0.95673
Greece,2014,0.83637
Greece,2013,0.80976
Greece,2012,0.70031
Greece,2011,0.67206
Greece,2010,0.59846
Greece,2009,0.62434
Greece,2008,0.66181
Greece,2007,0.57579
Greece,2006,0.56083
Greece,2005,0.57966
Greenland,2015,
Greenland,2014,
Greenland,2013,
Greenland,2012,
Greenland,2011,
Greenland,2010,
Greenland,2009,
Greenland,2008,
Greenland,2007,
Greenland,2006,
Greenland,2005,
Grenada,2015,
Grenada,2014,
Grenada,2013,
Grenada,2012,
Grenada,2011,
Grenada,2010,
Grenada,2009,
Grenada,2008,
Grenada,2007,
Grenada,2006,
Grenada,2005,
Guam,2015,
Guam,2014,
Guam,2013,
Guam,2012,
Guam,2011,
Guam,2010,
Guam,2009,
Guam,2008,
Guam,2007,
Guam,2006,
Guam,2005,
Guatemala,2015,
Guatemala,2014,
Guatemala,2013,
Guatemala,2012,0.04468
Guatemala,2011,0.04814
Guatemala,2010,0.04351
Guatemala,2009,0.05529
Guatemala,2008,0.06186
Guatemala,2007,0.06668
Guatemala,2006,0.04926
Guatemala,2005,0.03495
Guinea,2015,
Guinea,2014,
Guinea,2013,
Guinea,2012,
Guinea,2011,
Guinea,2010,
Guinea,2009,
Guinea,2008,
Guinea,2007,
Guinea,2006,
Guinea,2005,
Guinea-Bissau,2015,
Guinea-Bissau,2014,
Guinea-Bissau,2013,
Guinea-Bissau,2012,
Guinea-Bissau,2011,
Guinea-Bissau,2010,
Guinea-Bissau,2009,
Guinea-Bissau,2008,
Guinea-Bissau,2007,
Guinea-Bissau,2006,
Guinea-Bissau,2005,
Guyana,2015,
Guyana,2014,
Guyana,2013,
Guyana,2012,
Guyana,2011,
Guyana,2010,
Guyana,2009,
Guyana,2008,
Guyana,2007,
Guyana,2006,
Guyana,2005,
Haiti,2015,
Haiti,2014,
Haiti,2013,
Haiti,2012,
Haiti,2011,
Haiti,2010,
Haiti,2009,
Haiti,2008,
Haiti,2007,
Haiti,2006,
Haiti,2005,
Honduras,2015,
Honduras,2014,
Honduras,2013,
Honduras,2012,
Honduras,2011,
Honduras,2010,
Honduras,2009,
Honduras,2008,
Honduras,2007,
Honduras,2006,
Honduras,2005,
"Hong Kong SAR, China",2015,0.76128
"Hong Kong SAR, China",2014,0.74015
"Hong Kong SAR, China",2013,0.72959
"Hong Kong SAR, China",2012,0.72628
"Hong Kong SAR, China",2011,0.72252
"Hong Kong SAR, China",2010,0.74792
"Hong Kong SAR, China",2009,0.77307
"Hong Kong SAR, China",2008,0.7189
"Hong Kong SAR, China",2007,0.75196
"Hong Kong SAR, China",2006,0.79646
"Hong Kong SAR, China",2005,0.7746
Hungary,2015,1.37762
Hungary,2014,1.3614
Hungary,2013,1.39568
Hungary,2012,1.26719
Hungary,2011,1.19339
Hungary,2010,1.14469
Hungary,2009,1.13749
Hungary,2008,0.98298
Hungary,2007,0.95974
Hungary,2006,0.98328
Hungary,2005,0.9234
Iceland,2015,2.21493
Iceland,2014,2.02991
Iceland,2013,1.77353
Iceland,2012,
Iceland,2011,2.49558
Iceland,2010,
Iceland,2009,2.65657
Iceland,2008,2.54354
Iceland,2007,2.58313
Iceland,2006,2.91379
Iceland,2005,2.70886
India,2015,0.6274
India,2014,
India,2013,
India,2012,
India,2011,0.8309
India,2010,0.8219
India,2009,0.84461
India,2008,0.86728
India,2007,0.81483
India,2006,0.7981
India,2005,0.81118
Indonesia,2015,
Indonesia,2014,
Indonesia,2013,0.08466
Indonesia,2012,
Indonesia,2011,
Indonesia,2010,
Indonesia,2009,0.08327
Indonesia,2008,
Indonesia,2007,
Indonesia,2006,
Indonesia,2005,
"Iran, Islamic Rep.",2015,
"Iran, Islamic Rep.",2014,
"Iran, Islamic Rep.",2013,
"Iran, Islamic Rep.",2012,0.32505
"Iran, Islamic Rep.",2011,
"Iran, Islamic Rep.",2010,0.27741
"Iran, Islamic Rep.",2009,0.28416
"Iran, Islamic Rep.",2008,0.67201
"Iran, Islamic Rep.",2007,
"Iran, Islamic Rep.",2006,0.57624
"Iran, Islamic Rep.",2005,0.64178
Iraq,2015,0.03724
Iraq,2014,0.03826
Iraq,2013,
Iraq,2012,
Iraq,2011,0.03482
Iraq,2010,0.03686
Iraq,2009,0.04549
Iraq,2008,0.03436
Iraq,2007,0.04573
Iraq,2006,
Iraq,2005,
Ireland,2015,
Ireland,2014,1.51368
Ireland,2013,1.56286
Ireland,2012,1.55335
Ireland,2011,1.54098
Ireland,2010,1.59851
Ireland,2009,1.60915
Ireland,2008,1.38596
Ireland,2007,1.23452
Ireland,2006,1.19832
Ireland,2005,1.19412
Isle of Man,2015,
Isle of Man,2014,
Isle of Man,2013,
Isle of Man,2012,
Isle of Man,2011,
Isle of Man,2010,
Isle of Man,2009,
Isle of Man,2008,
Isle of Man,2007,
Isle of Man,2006,
Isle of Man,2005,
Israel,2015,4.26632
Israel,2014,4.28852
Israel,2013,4.14179
Israel,2012,4.16273
Israel,2011,4.01776
Israel,2010,3.93949
Israel,2009,4.12196
Israel,2008,4.32767
Israel,2007,4.40546
Israel,2006,4.13102
Israel,2005,4.03952
Italy,2015,1.33488
Italy,2014,1.37599
Italy,2013,1.31144
Italy,2012,1.27345
Italy,2011,1.20796
Italy,2010,1.22656
Italy,2009,1.2235
Italy,2008,1.1652
Italy,2007,1.13239
Italy,2006,1.08589
Italy,2005,1.0469
Jamaica,2015,
Jamaica,2014,
Jamaica,2013,
Jamaica,2012,
Jamaica,2011,
Jamaica,2010,
Jamaica,2009,
Jamaica,2008,
Jamaica,2007,
Jamaica,2006,
Jamaica,2005,
Japan,2015,3.28363
Japan,2014,3.3994
Japan,2013,3.31612
Japan,2012,3.20881
Japan,2011,3.24747
Japan,2010,3.1393
Japan,2009,3.22811
Japan,2008,3.33536
Japan,2007,3.33764
Japan,2006,3.27769
Japan,2005,3.1818
Jordan,2015,
Jordan,2014,
Jordan,2013,
Jordan,2012,
Jordan,2011,
Jordan,2010,
Jordan,2009,
Jordan,2008,0.4347
Jordan,2007,
Jordan,2006,
Jordan,2005,
Kazakhstan,2015,0.16944
Kazakhstan,2014,0.16712
Kazakhstan,2013,0.17131
Kazakhstan,2012,0.16533
Kazakhstan,2011,0.15373
Kazakhstan,2010,0.15352
Kazakhstan,2009,0.22935
Kazakhstan,2008,0.21591
Kazakhstan,2007,0.20965
Kazakhstan,2006,0.24314
Kazakhstan,2005,0.28363
Kenya,2015,
Kenya,2014,
Kenya,2013,
Kenya,2012,
Kenya,2011,
Kenya,2010,0.7856
Kenya,2009,
Kenya,2008,
Kenya,2007,0.35544
Kenya,2006,
Kenya,2005,
Kiribati,2015,
Kiribati,2014,
Kiribati,2013,
Kiribati,2012,
Kiribati,2011,
Kiribati,2010,
Kiribati,2009,
Kiribati,2008,
Kiribati,2007,
Kiribati,2006,
Kiribati,2005,
"Korea, Dem. People���s Rep.",2015,
"Korea, Dem. People���s Rep.",2014,
"Korea, Dem. People���s Rep.",2013,
"Korea, Dem. People���s Rep.",2012,
"Korea, Dem. People���s Rep.",2011,
"Korea, Dem. People���s Rep.",2010,
"Korea, Dem. People���s Rep.",2009,
"Korea, Dem. People���s Rep.",2008,
"Korea, Dem. People���s Rep.",2007,
"Korea, Dem. People���s Rep.",2006,
"Korea, Dem. People���s Rep.",2005,
"Korea, Rep.",2015,4.22816
"Korea, Rep.",2014,4.27746
"Korea, Rep.",2013,4.14692
"Korea, Rep.",2012,4.01812
"Korea, Rep.",2011,3.75116
"Korea, Rep.",2010,3.45314
"Korea, Rep.",2009,3.29813
"Korea, Rep.",2008,3.13619
"Korea, Rep.",2007,3.00975
"Korea, Rep.",2006,2.83082
"Korea, Rep.",2005,2.62559
Kosovo,2015,
Kosovo,2014,
Kosovo,2013,
Kosovo,2012,
Kosovo,2011,
Kosovo,2010,
Kosovo,2009,
Kosovo,2008,
Kosovo,2007,
Kosovo,2006,
Kosovo,2005,
Kuwait,2015,
Kuwait,2014,
Kuwait,2013,0.30153
Kuwait,2012,0.09721
Kuwait,2011,0.09898
Kuwait,2010,0.1014
Kuwait,2009,0.1122
Kuwait,2008,0.0855
Kuwait,2007,0.08585
Kuwait,2006,0.08478
Kuwait,2005,0.10083
Kyrgyz Republic,2015,0.12086
Kyrgyz Republic,2014,0.12527
Kyrgyz Republic,2013,0.14926
Kyrgyz Republic,2012,0.16635
Kyrgyz Republic,2011,0.15633
Kyrgyz Republic,2010,0.15573
Kyrgyz Republic,2009,0.16015
Kyrgyz Republic,2008,0.19016
Kyrgyz Republic,2007,0.23408
Kyrgyz Republic,2006,0.22974
Kyrgyz Republic,2005,0.19842
Lao PDR,2015,
Lao PDR,2014,
Lao PDR,2013,
Lao PDR,2012,
Lao PDR,2011,
Lao PDR,2010,
Lao PDR,2009,
Lao PDR,2008,
Lao PDR,2007,
Lao PDR,2006,
Lao PDR,2005,
Latvia,2015,0.6255
Latvia,2014,0.6896
Latvia,2013,0.61254
Latvia,2012,0.66537
Latvia,2011,0.69777
Latvia,2010,0.61078
Latvia,2009,0.45271
Latvia,2008,0.58139
Latvia,2007,0.55379
Latvia,2006,0.65063
Latvia,2005,0.52959
Lebanon,2015,
Lebanon,2014,
Lebanon,2013,
Lebanon,2012,
Lebanon,2011,
Lebanon,2010,
Lebanon,2009,
Lebanon,2008,
Lebanon,2007,
Lebanon,2006,
Lebanon,2005,
Lesotho,2015,0.05284
Lesotho,2014,
Lesotho,2013,
Lesotho,2012,
Lesotho,2011,0.01158
Lesotho,2010,
Lesotho,2009,0.02709
Lesotho,2008,
Lesotho,2007,
Lesotho,2006,
Lesotho,2005,
Liberia,2015,
Liberia,2014,
Liberia,2013,
Liberia,2012,
Liberia,2011,
Liberia,2010,
Liberia,2009,
Liberia,2008,
Liberia,2007,
Liberia,2006,
Liberia,2005,
Libya,2015,
Libya,2014,
Libya,2013,
Libya,2012,
Libya,2011,
Libya,2010,
Libya,2009,
Libya,2008,
Libya,2007,
Libya,2006,
Libya,2005,
Liechtenstein,2015,
Liechtenstein,2014,
Liechtenstein,2013,
Liechtenstein,2012,
Liechtenstein,2011,
Liechtenstein,2010,
Liechtenstein,2009,
Liechtenstein,2008,
Liechtenstein,2007,
Liechtenstein,2006,
Liechtenstein,2005,
Lithuania,2015,1.04246
Lithuania,2014,1.03398
Lithuania,2013,0.95081
Lithuania,2012,0.89506
Lithuania,2011,0.90425
Lithuania,2010,0.78348
Lithuania,2009,0.82967
Lithuania,2008,0.78844
Lithuania,2007,0.80093
Lithuania,2006,0.79119
Lithuania,2005,0.74741
Luxembourg,2015,1.28773
Luxembourg,2014,1.288
Luxembourg,2013,1.3015
Luxembourg,2012,1.28839
Luxembourg,2011,1.49526
Luxembourg,2010,1.52737
Luxembourg,2009,1.71026
Luxembourg,2008,1.64367
Luxembourg,2007,1.60909
Luxembourg,2006,1.68666
Luxembourg,2005,1.58744
"Macao SAR, China",2015,0.13305
"Macao SAR, China",2014,0.08687
"Macao SAR, China",2013,0.05113
"Macao SAR, China",2012,0.04804
"Macao SAR, China",2011,0.04449
"Macao SAR, China",2010,0.05034
"Macao SAR, China",2009,0.05451
"Macao SAR, China",2008,0.10145
"Macao SAR, China",2007,0.0573
"Macao SAR, China",2006,0.08361
"Macao SAR, China",2005,0.08809
"Macedonia, FYR",2015,0.44329
"Macedonia, FYR",2014,0.51806
"Macedonia, FYR",2013,0.43884
"Macedonia, FYR",2012,0.32655
"Macedonia, FYR",2011,0.22284
"Macedonia, FYR",2010,0.21649
"Macedonia, FYR",2009,0.19661
"Macedonia, FYR",2008,0.22352
"Macedonia, FYR",2007,0.17088
"Macedonia, FYR",2006,0.19364
"Macedonia, FYR",2005,0.22858
Madagascar,2015,
Madagascar,2014,0.01549
Madagascar,2013,
Madagascar,2012,
Madagascar,2011,0.10606
Madagascar,2010,0.11352
Madagascar,2009,0.14706
Madagascar,2008,0.13388
Madagascar,2007,0.13996
Madagascar,2006,0.16394
Madagascar,2005,0.17541
Malawi,2015,
Malawi,2014,
Malawi,2013,
Malawi,2012,
Malawi,2011,
Malawi,2010,
Malawi,2009,
Malawi,2008,
Malawi,2007,
Malawi,2006,
Malawi,2005,
Malaysia,2015,1.29813
Malaysia,2014,1.2587
Malaysia,2013,
Malaysia,2012,1.09298
Malaysia,2011,1.03311
Malaysia,2010,1.03663
Malaysia,2009,1.0098
Malaysia,2008,0.78842
Malaysia,2007,
Malaysia,2006,0.61084
Malaysia,2005,
Maldives,2015,
Maldives,2014,
Maldives,2013,
Maldives,2012,
Maldives,2011,
Maldives,2010,
Maldives,2009,
Maldives,2008,
Maldives,2007,
Maldives,2006,
Maldives,2005,
Mali,2015,
Mali,2014,
Mali,2013,
Mali,2012,
Mali,2011,
Mali,2010,0.58348
Mali,2009,
Mali,2008,
Mali,2007,0.21877
Mali,2006,
Mali,2005,
Malta,2015,0.76923
Malta,2014,0.74805
Malta,2013,0.7698
Malta,2012,0.82868
Malta,2011,0.67194
Malta,2010,0.61517
Malta,2009,0.5174
Malta,2008,0.53331
Malta,2007,0.5485
Malta,2006,0.58025
Malta,2005,0.52996
Marshall Islands,2015,
Marshall Islands,2014,
Marshall Islands,2013,
Marshall Islands,2012,
Marshall Islands,2011,
Marshall Islands,2010,
Marshall Islands,2009,
Marshall Islands,2008,
Marshall Islands,2007,
Marshall Islands,2006,
Marshall Islands,2005,
Mauritania,2015,
Mauritania,2014,
Mauritania,2013,
Mauritania,2012,
Mauritania,2011,
Mauritania,2010,
Mauritania,2009,
Mauritania,2008,
Mauritania,2007,
Mauritania,2006,
Mauritania,2005,
Mauritius,2015,
Mauritius,2014,
Mauritius,2013,
Mauritius,2012,0.17755
Mauritius,2011,
Mauritius,2010,
Mauritius,2009,
Mauritius,2008,
Mauritius,2007,
Mauritius,2006,
Mauritius,2005,0.37299
Mexico,2015,0.55238
Mexico,2014,0.53571
Mexico,2013,0.50404
Mexico,2012,0.49364
Mexico,2011,0.51374
Mexico,2010,0.53565
Mexico,2009,0.51945
Mexico,2008,0.47279
Mexico,2007,0.42995
Mexico,2006,0.37382
Mexico,2005,0.40362
"Micronesia, Fed. Sts.",2015,
"Micronesia, Fed. Sts.",2014,
"Micronesia, Fed. Sts.",2013,
"Micronesia, Fed. Sts.",2012,
"Micronesia, Fed. Sts.",2011,
"Micronesia, Fed. Sts.",2010,
"Micronesia, Fed. Sts.",2009,
"Micronesia, Fed. Sts.",2008,
"Micronesia, Fed. Sts.",2007,
"Micronesia, Fed. Sts.",2006,
"Micronesia, Fed. Sts.",2005,
Moldova,2015,0.36967
Moldova,2014,0.37071
Moldova,2013,0.35248
Moldova,2012,0.41733
Moldova,2011,0.40499
Moldova,2010,0.43987
Moldova,2009,0.52557
Moldova,2008,0.53463
Moldova,2007,0.54558
Moldova,2006,0.40622
Moldova,2005,0.39865
Monaco,2015,
Monaco,2014,
Monaco,2013,
Monaco,2012,
Monaco,2011,
Monaco,2010,
Monaco,2009,
Monaco,2008,
Monaco,2007,
Monaco,2006,
Monaco,2005,0.03752
Mongolia,2015,0.15501
Mongolia,2014,0.22367
Mongolia,2013,0.23214
Mongolia,2012,0.23897
Mongolia,2011,0.23008
Mongolia,2010,0.24429
Mongolia,2009,0.30481
Mongolia,2008,0.33644
Mongolia,2007,0.2381
Mongolia,2006,0.19109
Mongolia,2005,0.23787
Montenegro,2015,0.38019
Montenegro,2014,0.3632
Montenegro,2013,0.37431
Montenegro,2012,
Montenegro,2011,0.31485
Montenegro,2010,
Montenegro,2009,
Montenegro,2008,
Montenegro,2007,1.14891
Montenegro,2006,1.24172
Montenegro,2005,0.92443
Morocco,2013,
Morocco,2012,
Morocco,2011,
Morocco,2010,0.7142
Morocco,2009,
Morocco,2008,
Morocco,2007,
Morocco,2006,0.60763
Morocco,2005,
Morocco,2015,
Morocco,2014,
Mozambique,2015,0.33732
Mozambique,2014,
Mozambique,2013,
Mozambique,2012,
Mozambique,2011,
Mozambique,2010,0.42232
Mozambique,2009,
Mozambique,2008,0.15312
Mozambique,2007,
Mozambique,2006,0.45529
Mozambique,2005,
Myanmar,2015,
Myanmar,2014,
Myanmar,2013,
Myanmar,2012,
Myanmar,2011,
Myanmar,2010,
Myanmar,2009,
Myanmar,2008,
Myanmar,2007,
Myanmar,2006,
Myanmar,2005,
Namibia,2015,
Namibia,2014,0.33695
Namibia,2013,
Namibia,2012,
Namibia,2011,
Namibia,2010,0.14165
Namibia,2009,
Namibia,2008,
Namibia,2007,
Namibia,2006,
Namibia,2005,
Nauru,2015,
Nauru,2014,
Nauru,2013,
Nauru,2012,
Nauru,2011,
Nauru,2010,
Nauru,2009,
Nauru,2008,
Nauru,2007,
Nauru,2006,
Nauru,2005,
Nepal,2015,
Nepal,2014,
Nepal,2013,
Nepal,2012,
Nepal,2011,
Nepal,2010,0.30291
Nepal,2009,0.25932
Nepal,2008,0.05436
Nepal,2007,
Nepal,2006,
Nepal,2005,
Netherlands,2015,2.01329
Netherlands,2014,2.00119
Netherlands,2013,1.95192
Netherlands,2012,1.93994
Netherlands,2011,1.90285
Netherlands,2010,1.72342
Netherlands,2009,1.68414
Netherlands,2008,1.64351
Netherlands,2007,1.68711
Netherlands,2006,1.75734
Netherlands,2005,1.78974
New Caledonia,2015,
New Caledonia,2014,
New Caledonia,2013,
New Caledonia,2012,
New Caledonia,2011,
New Caledonia,2010,
New Caledonia,2009,
New Caledonia,2008,
New Caledonia,2007,
New Caledonia,2006,
New Caledonia,2005,
New Zealand,2015,
New Zealand,2014,
New Zealand,2013,1.15236
New Zealand,2012,
New Zealand,2011,1.23239
New Zealand,2010,
New Zealand,2009,1.25412
New Zealand,2008,
New Zealand,2007,1.15561
New Zealand,2006,
New Zealand,2005,1.12
Nicaragua,2015,0.10795
Nicaragua,2014,0.09006
Nicaragua,2013,0.1038
Nicaragua,2012,0.10534
Nicaragua,2011,0.08351
Nicaragua,2010,
Nicaragua,2009,
Nicaragua,2008,
Nicaragua,2007,
Nicaragua,2006,
Nicaragua,2005,
Niger,2015,
Niger,2014,
Niger,2013,
Niger,2012,
Niger,2011,
Niger,2010,
Niger,2009,
Niger,2008,
Niger,2007,
Niger,2006,
Niger,2005,
Nigeria,2015,
Nigeria,2014,
Nigeria,2013,
Nigeria,2012,
Nigeria,2011,
Nigeria,2010,
Nigeria,2009,
Nigeria,2008,
Nigeria,2007,0.21939
Nigeria,2006,
Nigeria,2005,
Northern Mariana Islands,2015,
Northern Mariana Islands,2014,
Northern Mariana Islands,2013,
Northern Mariana Islands,2012,
Northern Mariana Islands,2011,
Northern Mariana Islands,2010,
Northern Mariana Islands,2009,
Northern Mariana Islands,2008,
Northern Mariana Islands,2007,
Northern Mariana Islands,2006,
Northern Mariana Islands,2005,
Norway,2015,1.93301
Norway,2014,1.71551
Norway,2013,1.65304
Norway,2012,1.61763
Norway,2011,1.62869
Norway,2010,1.65093
Norway,2009,1.72364
Norway,2008,1.55275
Norway,2007,1.56469
Norway,2006,1.4529
Norway,2005,1.48238
Oman,2015,0.24647
Oman,2014,0.21264
Oman,2013,0.16923
Oman,2012,0.20837
Oman,2011,0.13645
Oman,2010,
Oman,2009,
Oman,2008,
Oman,2007,
Oman,2006,
Oman,2005,
Pakistan,2015,0.24554
Pakistan,2014,
Pakistan,2013,0.29266
Pakistan,2012,
Pakistan,2011,0.32875
Pakistan,2010,
Pakistan,2009,0.44805
Pakistan,2008,
Pakistan,2007,0.63249
Pakistan,2006,
Pakistan,2005,0.43688
Palau,2015,
Palau,2014,
Palau,2013,
Palau,2012,
Palau,2011,
Palau,2010,
Palau,2009,
Palau,2008,
Palau,2007,
Palau,2006,
Palau,2005,
Panama,2015,
Panama,2014,
Panama,2013,0.06309
Panama,2012,0.07624
Panama,2011,0.17461
Panama,2010,0.14714
Panama,2009,0.13469
Panama,2008,0.19558
Panama,2007,0.18466
Panama,2006,0.23537
Panama,2005,0.23183
Papua New Guinea,2015,
Papua New Guinea,2014,
Papua New Guinea,2013,
Papua New Guinea,2012,
Papua New Guinea,2011,
Papua New Guinea,2010,
Papua New Guinea,2009,
Papua New Guinea,2008,
Papua New Guinea,2007,
Papua New Guinea,2006,
Papua New Guinea,2005,
Paraguay,2015,0.12931
Paraguay,2014,0.10316
Paraguay,2013,
Paraguay,2012,0.08803
Paraguay,2011,0.05682
Paraguay,2010,
Paraguay,2009,
Paraguay,2008,0.05475
Paraguay,2007,
Paraguay,2006,
Paraguay,2005,0.07482
Peru,2015,0.11729
Peru,2014,0.10787
Peru,2013,0.08167
Peru,2012,0.05531
Peru,2011,0.08283
Peru,2010,
Peru,2009,
Peru,2008,
Peru,2007,
Peru,2006,
Peru,2005,
Philippines,2015,
Philippines,2014,
Philippines,2013,0.13839
Philippines,2012,
Philippines,2011,0.11724
Philippines,2010,
Philippines,2009,0.1139
Philippines,2008,
Philippines,2007,0.10967
Philippines,2006,
Philippines,2005,0.11139
Poland,2015,1.00337
Poland,2014,0.94001
Poland,2013,0.8689
Poland,2012,0.88055
Poland,2011,0.74438
Poland,2010,0.71836
Poland,2009,0.66204
Poland,2008,0.59738
Poland,2007,0.56076
Poland,2006,0.55073
Poland,2005,0.56308
Portugal,2015,1.27885
Portugal,2014,1.29032
Portugal,2013,1.32851
Portugal,2012,1.38103
Portugal,2011,1.45821
Portugal,2010,1.53198
Portugal,2009,1.58377
Portugal,2008,1.44418
Portugal,2007,1.12728
Portugal,2006,0.95598
Portugal,2005,0.75542
Puerto Rico,2015,0.43078
Puerto Rico,2014,
Puerto Rico,2013,0.43625
Puerto Rico,2012,
Puerto Rico,2011,
Puerto Rico,2010,
Puerto Rico,2009,0.45131
Puerto Rico,2008,
Puerto Rico,2007,
Puerto Rico,2006,
Puerto Rico,2005,
Qatar,2015,
Qatar,2014,
Qatar,2013,
Qatar,2012,0.47865
Qatar,2011,
Qatar,2010,
Qatar,2009,
Qatar,2008,
Qatar,2007,
Qatar,2006,
Qatar,2005,
Romania,2015,0.48765
Romania,2014,0.38258
Romania,2013,0.38694
Romania,2012,0.48281
Romania,2011,0.49324
Romania,2010,0.45196
Romania,2009,0.46123
Romania,2008,0.56884
Romania,2007,0.52089
Romania,2006,0.45124
Romania,2005,0.40816
Russian Federation,2015,1.13202
Russian Federation,2014,1.08797
Russian Federation,2013,1.05605
Russian Federation,2012,1.04614
Russian Federation,2011,1.02249
Russian Federation,2010,1.1304
Russian Federation,2009,1.25215
Russian Federation,2008,1.04376
Russian Federation,2007,1.11771
Russian Federation,2006,1.07363
Russian Federation,2005,1.06845
Rwanda,2015,
Rwanda,2014,
Rwanda,2013,
Rwanda,2012,
Rwanda,2011,
Rwanda,2010,
Rwanda,2009,
Rwanda,2008,
Rwanda,2007,
Rwanda,2006,
Rwanda,2005,
Samoa,2015,
Samoa,2014,
Samoa,2013,
Samoa,2012,
Samoa,2011,
Samoa,2010,
Samoa,2009,
Samoa,2008,
Samoa,2007,
Samoa,2006,
Samoa,2005,
San Marino,2015,
San Marino,2014,
San Marino,2013,
San Marino,2012,
San Marino,2011,
San Marino,2010,
San Marino,2009,
San Marino,2008,
San Marino,2007,
San Marino,2006,
San Marino,2005,
Sao Tome and Principe,2015,
Sao Tome and Principe,2014,
Sao Tome and Principe,2013,
Sao Tome and Principe,2012,
Sao Tome and Principe,2011,
Sao Tome and Principe,2010,
Sao Tome and Principe,2009,
Sao Tome and Principe,2008,
Sao Tome and Principe,2007,
Sao Tome and Principe,2006,
Sao Tome and Principe,2005,
Saudi Arabia,2015,
Saudi Arabia,2014,
Saudi Arabia,2013,0.81806
Saudi Arabia,2012,0.88
Saudi Arabia,2011,0.9004
Saudi Arabia,2010,0.88434
Saudi Arabia,2009,0.07334
Saudi Arabia,2008,0.049
Saudi Arabia,2007,0.04518
Saudi Arabia,2006,0.04249
Saudi Arabia,2005,0.04233
Senegal,2015,
Senegal,2014,
Senegal,2013,
Senegal,2012,
Senegal,2011,
Senegal,2010,0.5413
Senegal,2009,
Senegal,2008,0.36861
Senegal,2007,
Senegal,2006,
Senegal,2005,
Serbia,2015,0.8661
Serbia,2014,0.76942
Serbia,2013,0.72617
Serbia,2012,0.90798
Serbia,2011,0.72387
Serbia,2010,0.74359
Serbia,2009,0.86614
Serbia,2008,0.71082
Serbia,2007,0.61887
Serbia,2006,0.46569
Serbia,2005,0.41717
Seychelles,2015,
Seychelles,2014,
Seychelles,2013,
Seychelles,2012,
Seychelles,2011,
Seychelles,2010,
Seychelles,2009,
Seychelles,2008,
Seychelles,2007,
Seychelles,2006,
Seychelles,2005,0.30209
Sierra Leone,2015,
Sierra Leone,2014,
Sierra Leone,2013,
Sierra Leone,2012,
Sierra Leone,2011,
Sierra Leone,2010,
Sierra Leone,2009,
Sierra Leone,2008,
Sierra Leone,2007,
Sierra Leone,2006,
Sierra Leone,2005,
Singapore,2015,
Singapore,2014,2.19754
Singapore,2013,2.01219
Singapore,2012,2.00685
Singapore,2011,2.15275
Singapore,2010,2.01523
Singapore,2009,2.15815
Singapore,2008,2.62062
Singapore,2007,2.33915
Singapore,2006,2.13179
Singapore,2005,2.16142
Sint Maarten (Dutch part),2015,
Sint Maarten (Dutch part),2014,
Sint Maarten (Dutch part),2013,
Sint Maarten (Dutch part),2012,
Sint Maarten (Dutch part),2011,
Sint Maarten (Dutch part),2010,
Sint Maarten (Dutch part),2009,
Sint Maarten (Dutch part),2008,
Sint Maarten (Dutch part),2007,
Sint Maarten (Dutch part),2006,
Sint Maarten (Dutch part),2005,
Slovak Republic,2015,1.17845
Slovak Republic,2014,0.88172
Slovak Republic,2013,0.82362
Slovak Republic,2012,0.80495
Slovak Republic,2011,0.66326
Slovak Republic,2010,0.61614
Slovak Republic,2009,0.47326
Slovak Republic,2008,0.46204
Slovak Republic,2007,0.44824
Slovak Republic,2006,0.47563
Slovak Republic,2005,0.49401
Slovenia,2015,2.21174
Slovenia,2014,2.38461
Slovenia,2013,2.60323
Slovenia,2012,2.57845
Slovenia,2011,2.42358
Slovenia,2010,2.05763
Slovenia,2009,1.81629
Slovenia,2008,1.62564
Slovenia,2007,1.42382
Slovenia,2006,1.53291
Slovenia,2005,1.41229
Solomon Islands,2015,
Solomon Islands,2014,
Solomon Islands,2013,
Solomon Islands,2012,
Solomon Islands,2011,
Solomon Islands,2010,
Solomon Islands,2009,
Solomon Islands,2008,
Solomon Islands,2007,
Solomon Islands,2006,
Solomon Islands,2005,
Somalia,2015,
Somalia,2014,
Somalia,2013,
Somalia,2012,
Somalia,2011,
Somalia,2010,
Somalia,2009,
Somalia,2008,
Somalia,2007,
Somalia,2006,
Somalia,2005,
South Africa,2015,
South Africa,2014,
South Africa,2013,0.72283
South Africa,2012,0.7345
South Africa,2011,0.7354
South Africa,2010,0.7365
South Africa,2009,0.83485
South Africa,2008,0.88781
South Africa,2007,0.88266
South Africa,2006,0.89786
South Africa,2005,0.86276
South Sudan,2015,
South Sudan,2014,
South Sudan,2013,
South Sudan,2012,
South Sudan,2011,
South Sudan,2010,
South Sudan,2009,
South Sudan,2008,
South Sudan,2007,
South Sudan,2006,
South Sudan,2005,
Spain,2015,1.21961
Spain,2014,1.23277
Spain,2013,1.26328
Spain,2012,1.28765
Spain,2011,1.32564
Spain,2010,1.35078
Spain,2009,1.35016
Spain,2008,1.31262
Spain,2007,1.2354
Spain,2006,1.16982
Spain,2005,1.09526
Sri Lanka,2015,
Sri Lanka,2014,
Sri Lanka,2013,0.10083
Sri Lanka,2012,
Sri Lanka,2011,
Sri Lanka,2010,0.13694
Sri Lanka,2009,
Sri Lanka,2008,0.11446
Sri Lanka,2007,
Sri Lanka,2006,0.17412
Sri Lanka,2005,
St. Kitts and Nevis,2015,
St. Kitts and Nevis,2014,
St. Kitts and Nevis,2013,
St. Kitts and Nevis,2012,
St. Kitts and Nevis,2011,
St. Kitts and Nevis,2010,
St. Kitts and Nevis,2009,
St. Kitts and Nevis,2008,
St. Kitts and Nevis,2007,
St. Kitts and Nevis,2006,
St. Kitts and Nevis,2005,
St. Lucia,2015,
St. Lucia,2014,
St. Lucia,2013,
St. Lucia,2012,
St. Lucia,2011,
St. Lucia,2010,
St. Lucia,2009,
St. Lucia,2008,
St. Lucia,2007,
St. Lucia,2006,
St. Lucia,2005,
St. Martin (French part),2015,
St. Martin (French part),2014,
St. Martin (French part),2013,
St. Martin (French part),2012,
St. Martin (French part),2011,
St. Martin (French part),2010,
St. Martin (French part),2009,
St. Martin (French part),2008,
St. Martin (French part),2007,
St. Martin (French part),2006,
St. Martin (French part),2005,
St. Vincent and the Grenadines,2015,
St. Vincent and the Grenadines,2014,
St. Vincent and the Grenadines,2013,
St. Vincent and the Grenadines,2012,
St. Vincent and the Grenadines,2011,
St. Vincent and the Grenadines,2010,
St. Vincent and the Grenadines,2009,
St. Vincent and the Grenadines,2008,
St. Vincent and the Grenadines,2007,
St. Vincent and the Grenadines,2006,
St. Vincent and the Grenadines,2005,
Sudan,2015,
Sudan,2014,
Sudan,2013,
Sudan,2012,
Sudan,2011,
Sudan,2010,
Sudan,2009,
Sudan,2008,
Sudan,2007,
Sudan,2006,
Sudan,2005,0.29844
Suriname,2015,
Suriname,2014,
Suriname,2013,
Suriname,2012,
Suriname,2011,
Suriname,2010,
Suriname,2009,
Suriname,2008,
Suriname,2007,
Suriname,2006,
Suriname,2005,
Sweden,2015,3.26285
Sweden,2014,3.14335
Sweden,2013,3.30597
Sweden,2012,3.28562
Sweden,2011,3.24615
Sweden,2010,3.21611
Sweden,2009,3.44809
Sweden,2008,3.49277
Sweden,2007,3.2537
Sweden,2006,3.49928
Sweden,2005,3.38392
Switzerland,2015,
Switzerland,2014,
Switzerland,2013,
Switzerland,2012,2.96635
Switzerland,2011,
Switzerland,2010,
Switzerland,2009,
Switzerland,2008,2.73032
Switzerland,2007,
Switzerland,2006,
Switzerland,2005,
Syrian Arab Republic,2015,
Syrian Arab Republic,2014,
Syrian Arab Republic,2013,
Syrian Arab Republic,2012,
Syrian Arab Republic,2011,
Syrian Arab Republic,2010,
Syrian Arab Republic,2009,
Syrian Arab Republic,2008,
Syrian Arab Republic,2007,
Syrian Arab Republic,2006,
Syrian Arab Republic,2005,
Tajikistan,2015,0.1089
Tajikistan,2014,0.11468
Tajikistan,2013,0.1177
Tajikistan,2012,0.11432
Tajikistan,2011,0.12148
Tajikistan,2010,0.08914
Tajikistan,2009,0.08577
Tajikistan,2008,0.06983
Tajikistan,2007,0.06778
Tajikistan,2006,0.10732
Tajikistan,2005,0.0957
Tanzania,2015,
Tanzania,2014,
Tanzania,2013,0.52889
Tanzania,2012,
Tanzania,2011,
Tanzania,2010,0.38056
Tanzania,2009,
Tanzania,2008,
Tanzania,2007,0.33957
Tanzania,2006,
Tanzania,2005,
Thailand,2015,0.6272
Thailand,2014,0.48465
Thailand,2013,0.44216
Thailand,2012,
Thailand,2011,0.36168
Thailand,2010,
Thailand,2009,0.23476
Thailand,2008,0.20324
Thailand,2007,0.20072
Thailand,2006,0.23273
Thailand,2005,0.21901
Timor-Leste,2015,
Timor-Leste,2014,
Timor-Leste,2013,
Timor-Leste,2012,
Timor-Leste,2011,
Timor-Leste,2010,
Timor-Leste,2009,
Timor-Leste,2008,
Timor-Leste,2007,
Timor-Leste,2006,
Timor-Leste,2005,
Togo,2015,
Togo,2014,0.27122
Togo,2013,
Togo,2012,0.2241
Togo,2011,
Togo,2010,0.25373
Togo,2009,
Togo,2008,
Togo,2007,
Togo,2006,
Togo,2005,
Tonga,2015,
Tonga,2014,
Tonga,2013,
Tonga,2012,
Tonga,2011,
Tonga,2010,
Tonga,2009,
Tonga,2008,
Tonga,2007,
Tonga,2006,
Tonga,2005,
Trinidad and Tobago,2015,
Trinidad and Tobago,2014,0.0861
Trinidad and Tobago,2013,0.05856
Trinidad and Tobago,2012,0.04395
Trinidad and Tobago,2011,0.04025
Trinidad and Tobago,2010,0.0478
Trinidad and Tobago,2009,0.05679
Trinidad and Tobago,2008,0.03077
Trinidad and Tobago,2007,0.0592
Trinidad and Tobago,2006,0.0723
Trinidad and Tobago,2005,0.11395
Tunisia,2015,0.63168
Tunisia,2014,0.65463
Tunisia,2013,0.67065
Tunisia,2012,0.68205
Tunisia,2011,0.70863
Tunisia,2010,0.69026
Tunisia,2009,0.70644
Tunisia,2008,0.6394
Tunisia,2007,0.66551
Tunisia,2006,0.67726
Tunisia,2005,0.71195
Turkey,2015,
Turkey,2014,1.00561
Turkey,2013,0.94314
Turkey,2012,0.91988
Turkey,2011,0.85801
Turkey,2010,0.84251
Turkey,2009,0.84863
Turkey,2008,0.72482
Turkey,2007,0.72256
Turkey,2006,0.58046
Turkey,2005,0.59098
Turkmenistan,2015,
Turkmenistan,2014,
Turkmenistan,2013,
Turkmenistan,2012,
Turkmenistan,2011,
Turkmenistan,2010,
Turkmenistan,2009,
Turkmenistan,2008,
Turkmenistan,2007,
Turkmenistan,2006,
Turkmenistan,2005,
Turks and Caicos Islands,2015,
Turks and Caicos Islands,2014,
Turks and Caicos Islands,2013,
Turks and Caicos Islands,2012,
Turks and Caicos Islands,2011,
Turks and Caicos Islands,2010,
Turks and Caicos Islands,2009,
Turks and Caicos Islands,2008,
Turks and Caicos Islands,2007,
Turks and Caicos Islands,2006,
Turks and Caicos Islands,2005,
Tuvalu,2015,
Tuvalu,2014,
Tuvalu,2013,
Tuvalu,2012,
Tuvalu,2011,
Tuvalu,2010,
Tuvalu,2009,
Tuvalu,2008,
Tuvalu,2007,
Tuvalu,2006,
Tuvalu,2005,
Uganda,2015,
Uganda,2014,
Uganda,2013,
Uganda,2012,
Uganda,2011,
Uganda,2010,0.47505
Uganda,2009,0.35397
Uganda,2008,0.32628
Uganda,2007,0.38797
Uganda,2006,0.30049
Uganda,2005,0.21448
Ukraine,2015,0.61742
Ukraine,2014,0.64908
Ukraine,2013,0.75926
Ukraine,2012,0.75418
Ukraine,2011,0.7378
Ukraine,2010,0.83295
Ukraine,2009,0.85676
Ukraine,2008,0.84649
Ukraine,2007,0.85288
Ukraine,2006,0.94934
Ukraine,2005,1.03202
United Arab Emirates,2015,0.86559
United Arab Emirates,2014,0.69384
United Arab Emirates,2013,
United Arab Emirates,2012,
United Arab Emirates,2011,0.48919
United Arab Emirates,2010,
United Arab Emirates,2009,
United Arab Emirates,2008,
United Arab Emirates,2007,
United Arab Emirates,2006,
United Arab Emirates,2005,
United Kingdom,2015,1.70304
United Kingdom,2014,1.6813
United Kingdom,2013,1.65949
United Kingdom,2012,1.6075
United Kingdom,2011,1.67974
United Kingdom,2010,1.67911
United Kingdom,2009,1.70155
United Kingdom,2008,1.64367
United Kingdom,2007,1.63378
United Kingdom,2006,1.58925
United Kingdom,2005,1.5711
United States,2015,2.79385
United States,2014,2.75493
United States,2013,2.74019
United States,2012,2.69803
United States,2011,2.77285
United States,2010,2.73395
United States,2009,2.82226
United States,2008,2.77033
United States,2007,2.62287
United States,2006,2.54193
United States,2005,2.50479
Uruguay,2015,
Uruguay,2014,0.33592
Uruguay,2013,0.32068
Uruguay,2012,0.32798
Uruguay,2011,0.34883
Uruguay,2010,0.34119
Uruguay,2009,0.41224
Uruguay,2008,0.37982
Uruguay,2007,0.42508
Uruguay,2006,0.36566
Uruguay,2005,
Uzbekistan,2015,0.21354
Uzbekistan,2014,0.19759
Uzbekistan,2013,0.19639
Uzbekistan,2012,0.20216
Uzbekistan,2011,0.1949
Uzbekistan,2010,0.19519
Uzbekistan,2009,0.20305
Uzbekistan,2008,0.19339
Uzbekistan,2007,0.21713
Uzbekistan,2006,0.22421
Uzbekistan,2005,0.23776
Vanuatu,2015,
Vanuatu,2014,
Vanuatu,2013,
Vanuatu,2012,
Vanuatu,2011,
Vanuatu,2010,
Vanuatu,2009,
Vanuatu,2008,
Vanuatu,2007,
Vanuatu,2006,
Vanuatu,2005,
"Venezuela, RB",2015,
"Venezuela, RB",2014,
"Venezuela, RB",2013,
"Venezuela, RB",2012,
"Venezuela, RB",2011,
"Venezuela, RB",2010,
"Venezuela, RB",2009,
"Venezuela, RB",2008,
"Venezuela, RB",2007,
"Venezuela, RB",2006,
"Venezuela, RB",2005,
Vietnam,2015,
Vietnam,2014,
Vietnam,2013,0.37404
Vietnam,2012,
Vietnam,2011,0.19043
Vietnam,2010,
Vietnam,2009,
Vietnam,2008,
Vietnam,2007,
Vietnam,2006,
Vietnam,2005,
Virgin Islands (U.S.),2015,
Virgin Islands (U.S.),2014,
Virgin Islands (U.S.),2013,
Virgin Islands (U.S.),2012,
Virgin Islands (U.S.),2011,
Virgin Islands (U.S.),2010,
Virgin Islands (U.S.),2009,
Virgin Islands (U.S.),2008,
Virgin Islands (U.S.),2007,
Virgin Islands (U.S.),2006,
Virgin Islands (U.S.),2005,
West Bank and Gaza,2015,
West Bank and Gaza,2014,
West Bank and Gaza,2013,0.4922
West Bank and Gaza,2012,
West Bank and Gaza,2011,
West Bank and Gaza,2010,0.39477
West Bank and Gaza,2009,0.39655
West Bank and Gaza,2008,0.16338
West Bank and Gaza,2007,0.20833
West Bank and Gaza,2006,
West Bank and Gaza,2005,
"Yemen, Rep.",2015,
"Yemen, Rep.",2014,
"Yemen, Rep.",2013,
"Yemen, Rep.",2012,
"Yemen, Rep.",2011,
"Yemen, Rep.",2010,
"Yemen, Rep.",2009,
"Yemen, Rep.",2008,
"Yemen, Rep.",2007,
"Yemen, Rep.",2006,
"Yemen, Rep.",2005,
Zambia,2015,
Zambia,2014,
Zambia,2013,
Zambia,2012,
Zambia,2011,
Zambia,2010,
Zambia,2009,
Zambia,2008,0.27819
Zambia,2007,
Zambia,2006,
Zambia,2005,0.02493
Zimbabwe,2015,
Zimbabwe,2014,
Zimbabwe,2013,
Zimbabwe,2012,
Zimbabwe,2011,
Zimbabwe,2010,
Zimbabwe,2009,
Zimbabwe,2008,
Zimbabwe,2007,
Zimbabwe,2006,
Zimbabwe,2005,
